subscription_id,user_id,plan,billing_period,amount,payment_method,subscription_date,renewal_date,status
sub_53110b0d,user_00001,Basic,monthly,49000,e_wallet,2026-01-21,2026-02-20,expired
sub_560a91ec,user_00002,Premium,monthly,119000,bank_transfer,2025-07-09,2025-08-08,active
sub_79f14f46,user_00003,Basic,annual,499000,debit_card,2025-12-01,2026-12-01,active
sub_dfdc3ee8,user_00004,Standard,monthly,79000,bank_transfer,2025-05-10,2025-06-09,active
sub_1f12d6ae,user_00005,Standard,annual,799000,credit_card,2025-09-03,2026-09-03,active
sub_a7eb96a6,user_00008,Basic,monthly,49000,debit_card,2026-02-12,2026-03-14,expired
sub_1f9edf84,user_00009,Basic,monthly,49000,bank_transfer,2025-07-17,2025-08-16,active
sub_40462d19,user_00010,Standard,monthly,79000,bank_transfer,2025-05-18,2025-06-17,active
sub_d4891dee,user_00011,Basic,annual,499000,bank_transfer,2025-06-04,2026-06-04,active
sub_efaa12a8,user_00012,Basic,annual,499000,debit_card,2026-01-21,2027-01-21,cancelled
sub_ee9feaba,user_00013,Premium,monthly,119000,e_wallet,2025-11-09,2025-12-09,cancelled
sub_fb6580c2,user_00014,Premium,annual,1199000,credit_card,2026-02-26,2027-02-26,active
sub_8d1e3b1b,user_00015,Basic,annual,499000,e_wallet,2025-06-13,2026-06-13,expired
sub_4ac95c15,user_00016,Basic,annual,499000,credit_card,2025-04-30,2026-04-30,cancelled
sub_1883e3ba,user_00017,Premium,monthly,119000,bank_transfer,2026-04-08,2026-05-08,active
sub_d6dbfb5e,user_00020,Basic,annual,499000,e_wallet,2025-05-16,2026-05-16,active
sub_1b1d6a64,user_00021,Standard,annual,799000,debit_card,2025-09-28,2026-09-28,cancelled
sub_85e37088,user_00024,Premium,annual,1199000,e_wallet,2026-03-08,2027-03-08,expired
sub_2b7ece44,user_00025,Basic,monthly,49000,credit_card,2025-12-17,2026-01-16,active
sub_35928daa,user_00026,Premium,monthly,119000,bank_transfer,2025-08-14,2025-09-13,expired
sub_9b2e99ed,user_00027,Basic,annual,499000,credit_card,2025-10-11,2026-10-11,active
sub_43e221b7,user_00028,Standard,monthly,79000,credit_card,2026-03-15,2026-04-14,cancelled
sub_420aa75a,user_00029,Basic,monthly,49000,bank_transfer,2026-03-13,2026-04-12,active
sub_3c593e5a,user_00030,Premium,annual,1199000,e_wallet,2026-03-08,2027-03-08,active
sub_44c4a3e3,user_00031,Premium,annual,1199000,credit_card,2025-05-20,2026-05-20,expired
sub_79415625,user_00032,Premium,annual,1199000,credit_card,2026-03-18,2027-03-18,active
sub_2763c4bf,user_00033,Premium,annual,1199000,e_wallet,2025-10-18,2026-10-18,active
sub_c1f4ee5a,user_00035,Premium,monthly,119000,debit_card,2025-08-10,2025-09-09,expired
sub_9cfb2cdd,user_00037,Premium,monthly,119000,e_wallet,2026-01-22,2026-02-21,cancelled
sub_dffb859c,user_00042,Standard,monthly,79000,credit_card,2025-09-09,2025-10-09,cancelled
sub_74fd6372,user_00043,Standard,annual,799000,e_wallet,2025-06-12,2026-06-12,active
sub_3c8d04bb,user_00044,Basic,annual,499000,debit_card,2026-01-24,2027-01-24,active
sub_09e97543,user_00045,Standard,annual,799000,bank_transfer,2025-11-11,2026-11-11,expired
sub_be1cab9b,user_00046,Standard,annual,799000,credit_card,2025-12-22,2026-12-22,active
sub_8c7e1c38,user_00047,Basic,annual,499000,e_wallet,2025-06-20,2026-06-20,active
sub_fd39c27c,user_00048,Premium,monthly,119000,debit_card,2025-12-04,2026-01-03,active
sub_9197581a,user_00050,Premium,monthly,119000,debit_card,2025-07-07,2025-08-06,active
sub_7cee5d85,user_00051,Basic,annual,499000,credit_card,2025-09-22,2026-09-22,active
sub_11e75e0f,user_00052,Basic,annual,499000,bank_transfer,2025-10-19,2026-10-19,active
sub_1adf4ad1,user_00053,Basic,monthly,49000,debit_card,2025-11-06,2025-12-06,active
sub_e75fc0e8,user_00055,Basic,annual,499000,bank_transfer,2025-07-22,2026-07-22,active
sub_f7221c78,user_00056,Premium,monthly,119000,e_wallet,2025-08-16,2025-09-15,expired
sub_f3a8abbd,user_00057,Premium,annual,1199000,e_wallet,2025-05-25,2026-05-25,active
sub_1e461475,user_00058,Standard,monthly,79000,e_wallet,2025-11-22,2025-12-22,active
sub_2f1e46fd,user_00060,Basic,annual,499000,bank_transfer,2025-05-13,2026-05-13,active
sub_2bff95c4,user_00061,Premium,monthly,119000,credit_card,2025-12-23,2026-01-22,expired
sub_0ea5173a,user_00062,Standard,monthly,79000,bank_transfer,2026-01-28,2026-02-27,active
sub_0a3b7743,user_00063,Basic,annual,499000,e_wallet,2025-08-18,2026-08-18,active
sub_93f693da,user_00064,Standard,monthly,79000,bank_transfer,2026-02-03,2026-03-05,active
sub_20b8d605,user_00065,Standard,annual,799000,bank_transfer,2025-09-26,2026-09-26,active
sub_f130d50f,user_00067,Standard,annual,799000,e_wallet,2026-03-10,2027-03-10,active
sub_de8ea239,user_00069,Premium,annual,1199000,debit_card,2025-05-03,2026-05-03,active
sub_353a68d6,user_00070,Basic,monthly,49000,bank_transfer,2025-12-27,2026-01-26,active
sub_b769594f,user_00071,Basic,annual,499000,credit_card,2026-03-10,2027-03-10,active
sub_c84330a1,user_00072,Standard,annual,799000,bank_transfer,2026-02-14,2027-02-14,active
sub_d9eb80f0,user_00073,Premium,annual,1199000,bank_transfer,2025-05-11,2026-05-11,expired
sub_b9e75761,user_00074,Standard,annual,799000,e_wallet,2025-10-27,2026-10-27,active
sub_63a01e71,user_00076,Basic,annual,499000,credit_card,2025-11-30,2026-11-30,active
sub_d6a11d10,user_00077,Standard,annual,799000,bank_transfer,2025-11-06,2026-11-06,active
sub_4aa2c12b,user_00079,Standard,annual,799000,credit_card,2026-01-31,2027-01-31,cancelled
sub_dcd26c2c,user_00080,Basic,annual,499000,credit_card,2025-10-29,2026-10-29,expired
sub_7f88a1f1,user_00081,Premium,monthly,119000,e_wallet,2026-02-03,2026-03-05,cancelled
sub_c38e85cf,user_00083,Premium,monthly,119000,debit_card,2026-02-03,2026-03-05,cancelled
sub_73f4a106,user_00084,Premium,annual,1199000,bank_transfer,2026-01-06,2027-01-06,expired
sub_c41723ea,user_00085,Basic,monthly,49000,e_wallet,2025-08-24,2025-09-23,active
sub_8f143551,user_00086,Basic,annual,499000,e_wallet,2025-10-23,2026-10-23,expired
sub_29bb34f3,user_00087,Basic,monthly,49000,debit_card,2025-05-12,2025-06-11,active
sub_f618abe9,user_00088,Standard,annual,799000,credit_card,2025-08-17,2026-08-17,cancelled
sub_f57a28f9,user_00089,Basic,annual,499000,debit_card,2025-05-21,2026-05-21,expired
sub_9ad2af8b,user_00092,Premium,annual,1199000,e_wallet,2025-05-19,2026-05-19,active
sub_8d3b6603,user_00093,Basic,annual,499000,credit_card,2025-07-23,2026-07-23,expired
sub_d34b0788,user_00094,Premium,annual,1199000,e_wallet,2025-11-29,2026-11-29,cancelled
sub_92c2921e,user_00095,Premium,monthly,119000,credit_card,2025-04-16,2025-05-16,cancelled
sub_7c81a042,user_00097,Standard,annual,799000,debit_card,2026-04-11,2027-04-11,active
sub_fdd7c93b,user_00098,Basic,annual,499000,debit_card,2026-04-01,2027-04-01,expired
sub_0216a459,user_00099,Premium,annual,1199000,debit_card,2025-12-15,2026-12-15,cancelled
sub_cb3db18f,user_00100,Standard,annual,799000,credit_card,2025-06-21,2026-06-21,active
sub_b2ef165d,user_00101,Standard,monthly,79000,debit_card,2025-08-30,2025-09-29,active
sub_494c826f,user_00102,Basic,monthly,49000,debit_card,2025-09-15,2025-10-15,active
sub_f41c06f7,user_00103,Standard,monthly,79000,bank_transfer,2025-07-08,2025-08-07,active
sub_b0031105,user_00104,Basic,monthly,49000,e_wallet,2025-11-11,2025-12-11,active
sub_914ebe5b,user_00107,Standard,annual,799000,e_wallet,2025-07-12,2026-07-12,cancelled
sub_5258c1e4,user_00109,Premium,monthly,119000,bank_transfer,2025-07-28,2025-08-27,active
sub_6fa06ac7,user_00110,Premium,monthly,119000,e_wallet,2025-12-24,2026-01-23,active
sub_6e8e6ea4,user_00112,Basic,monthly,49000,debit_card,2025-08-20,2025-09-19,active
sub_cf5a9c49,user_00113,Premium,monthly,119000,bank_transfer,2025-08-19,2025-09-18,active
sub_92ae03ab,user_00114,Basic,monthly,49000,bank_transfer,2025-07-13,2025-08-12,active
sub_b917d646,user_00117,Premium,annual,1199000,debit_card,2025-08-12,2026-08-12,active
sub_912f9bd5,user_00121,Basic,annual,499000,debit_card,2025-11-26,2026-11-26,active
sub_161fef9c,user_00122,Premium,annual,1199000,credit_card,2025-11-25,2026-11-25,active
sub_a24596a7,user_00123,Standard,annual,799000,e_wallet,2026-03-15,2027-03-15,expired
sub_8e977ad1,user_00124,Standard,monthly,79000,e_wallet,2025-12-25,2026-01-24,active
sub_f93cf78f,user_00125,Premium,annual,1199000,bank_transfer,2026-03-20,2027-03-20,active
sub_bbb9a111,user_00129,Premium,annual,1199000,bank_transfer,2025-10-22,2026-10-22,active
sub_a4d83a03,user_00130,Basic,annual,499000,credit_card,2025-08-09,2026-08-09,active
sub_e0e7e949,user_00131,Standard,monthly,79000,debit_card,2025-07-12,2025-08-11,active
sub_682c7c09,user_00132,Standard,annual,799000,bank_transfer,2025-07-09,2026-07-09,active
sub_8c928c3c,user_00133,Premium,monthly,119000,debit_card,2026-02-02,2026-03-04,expired
sub_a36ace47,user_00134,Standard,monthly,79000,bank_transfer,2026-02-28,2026-03-30,expired
sub_3a924fb4,user_00135,Premium,monthly,119000,debit_card,2026-01-30,2026-03-01,cancelled
sub_01eb213b,user_00137,Premium,monthly,119000,e_wallet,2026-03-16,2026-04-15,active
sub_ea5fa990,user_00138,Standard,annual,799000,bank_transfer,2025-08-22,2026-08-22,active
sub_a792dbeb,user_00139,Premium,monthly,119000,debit_card,2025-09-29,2025-10-29,active
sub_416505fa,user_00143,Basic,monthly,49000,e_wallet,2025-07-24,2025-08-23,active
sub_87e4c72b,user_00144,Basic,annual,499000,e_wallet,2025-11-24,2026-11-24,active
sub_bef19e09,user_00145,Basic,annual,499000,bank_transfer,2025-05-24,2026-05-24,cancelled
sub_36d2d051,user_00146,Standard,monthly,79000,debit_card,2025-07-30,2025-08-29,expired
sub_06636cd8,user_00147,Standard,monthly,79000,debit_card,2025-04-25,2025-05-25,expired
sub_5e3dec2c,user_00148,Premium,monthly,119000,bank_transfer,2025-08-01,2025-08-31,expired
sub_6cec9542,user_00150,Basic,annual,499000,e_wallet,2025-08-25,2026-08-25,active
sub_86b33f8d,user_00152,Standard,monthly,79000,debit_card,2025-10-13,2025-11-12,active
sub_ab1908cd,user_00153,Basic,monthly,49000,debit_card,2025-07-26,2025-08-25,active
sub_4ca867d7,user_00154,Standard,annual,799000,credit_card,2025-09-21,2026-09-21,cancelled
sub_083bc67b,user_00155,Premium,annual,1199000,bank_transfer,2025-08-23,2026-08-23,active
sub_bdc8de7a,user_00156,Standard,monthly,79000,e_wallet,2026-01-11,2026-02-10,active
sub_fca6a24b,user_00157,Standard,annual,799000,credit_card,2025-08-26,2026-08-26,expired
sub_64ac812b,user_00158,Basic,monthly,49000,debit_card,2025-12-26,2026-01-25,active
sub_726c67ac,user_00159,Premium,monthly,119000,credit_card,2025-05-08,2025-06-07,active
sub_db8f99e3,user_00161,Premium,annual,1199000,debit_card,2025-09-27,2026-09-27,expired
sub_b4a687b7,user_00163,Premium,monthly,119000,credit_card,2026-02-28,2026-03-30,cancelled
sub_224b3c7a,user_00164,Standard,annual,799000,e_wallet,2025-10-03,2026-10-03,active
sub_fb0557e7,user_00165,Basic,monthly,49000,e_wallet,2025-06-17,2025-07-17,expired
sub_fe3bbf52,user_00166,Basic,monthly,49000,debit_card,2025-05-21,2025-06-20,active
sub_053a388d,user_00167,Standard,annual,799000,bank_transfer,2026-01-07,2027-01-07,active
sub_7707a40e,user_00168,Basic,annual,499000,credit_card,2025-05-21,2026-05-21,expired
sub_cae2c82e,user_00170,Standard,annual,799000,debit_card,2025-05-18,2026-05-18,active
sub_ef33baed,user_00171,Premium,annual,1199000,credit_card,2026-02-12,2027-02-12,active
sub_5c54ec44,user_00174,Premium,monthly,119000,debit_card,2026-04-10,2026-05-10,active
sub_9297d7f4,user_00175,Standard,monthly,79000,credit_card,2025-10-30,2025-11-29,active
sub_83daf4ec,user_00176,Premium,monthly,119000,credit_card,2025-05-07,2025-06-06,expired
sub_5cc86b66,user_00177,Premium,monthly,119000,bank_transfer,2026-03-09,2026-04-08,active
sub_3fb2e9bf,user_00178,Standard,monthly,79000,credit_card,2026-02-15,2026-03-17,active
sub_54ed9b3d,user_00181,Standard,annual,799000,debit_card,2025-10-29,2026-10-29,expired
sub_a9c08636,user_00182,Standard,annual,799000,debit_card,2026-04-07,2027-04-07,expired
sub_4799a5da,user_00184,Basic,monthly,49000,bank_transfer,2025-11-01,2025-12-01,active
sub_97c94396,user_00185,Standard,annual,799000,debit_card,2025-07-21,2026-07-21,active
sub_db3dd843,user_00186,Basic,annual,499000,e_wallet,2025-07-05,2026-07-05,active
sub_4d0188de,user_00188,Standard,annual,799000,bank_transfer,2026-01-04,2027-01-04,active
sub_5d48f20a,user_00189,Basic,annual,499000,e_wallet,2025-11-17,2026-11-17,expired
sub_6646f8f1,user_00190,Premium,annual,1199000,debit_card,2025-09-04,2026-09-04,active
sub_ad0383f7,user_00191,Premium,annual,1199000,bank_transfer,2025-07-28,2026-07-28,active
sub_135df5b4,user_00192,Basic,annual,499000,e_wallet,2025-05-28,2026-05-28,active
sub_22bd5207,user_00193,Basic,annual,499000,debit_card,2026-02-23,2027-02-23,active
sub_4e591823,user_00194,Basic,annual,499000,debit_card,2025-05-24,2026-05-24,expired
sub_64ed71cc,user_00195,Premium,annual,1199000,debit_card,2026-01-27,2027-01-27,active
sub_fd864783,user_00196,Premium,monthly,119000,e_wallet,2025-09-14,2025-10-14,active
sub_7f7185d9,user_00198,Premium,annual,1199000,e_wallet,2025-09-12,2026-09-12,active
sub_304fbcab,user_00199,Standard,annual,799000,debit_card,2026-02-01,2027-02-01,active
sub_4d768a32,user_00200,Basic,monthly,49000,credit_card,2025-05-11,2025-06-10,active
sub_293e4e7d,user_00202,Premium,annual,1199000,bank_transfer,2025-05-14,2026-05-14,active
sub_01293896,user_00203,Basic,monthly,49000,credit_card,2026-02-22,2026-03-24,active
sub_f9722a6f,user_00205,Standard,annual,799000,bank_transfer,2025-05-06,2026-05-06,cancelled
sub_b8c17219,user_00207,Premium,annual,1199000,bank_transfer,2025-06-18,2026-06-18,active
sub_1e93452d,user_00208,Basic,annual,499000,debit_card,2025-10-19,2026-10-19,active
sub_40cc86a6,user_00209,Standard,monthly,79000,bank_transfer,2026-02-28,2026-03-30,active
sub_e51baf0c,user_00211,Basic,monthly,49000,e_wallet,2025-05-05,2025-06-04,active
sub_250c1714,user_00212,Basic,annual,499000,debit_card,2026-03-30,2027-03-30,expired
sub_3156379c,user_00213,Basic,annual,499000,bank_transfer,2026-01-14,2027-01-14,active
sub_4733dc60,user_00214,Standard,annual,799000,bank_transfer,2026-02-09,2027-02-09,active
sub_cf19984c,user_00215,Basic,monthly,49000,credit_card,2025-05-27,2025-06-26,expired
sub_51b318f2,user_00216,Basic,monthly,49000,bank_transfer,2026-02-20,2026-03-22,active
sub_54a65baf,user_00218,Basic,annual,499000,e_wallet,2025-05-19,2026-05-19,active
sub_01628be3,user_00219,Premium,annual,1199000,credit_card,2025-06-15,2026-06-15,active
sub_d1e6bf4e,user_00220,Basic,monthly,49000,credit_card,2025-08-24,2025-09-23,active
sub_6c92f0d9,user_00222,Standard,annual,799000,bank_transfer,2025-10-23,2026-10-23,expired
sub_cd88f08c,user_00223,Standard,monthly,79000,debit_card,2026-03-07,2026-04-06,active
sub_4a1f314a,user_00224,Premium,monthly,119000,bank_transfer,2025-09-16,2025-10-16,active
sub_028b8a35,user_00225,Basic,annual,499000,credit_card,2025-07-26,2026-07-26,active
sub_4e6b0222,user_00226,Premium,monthly,119000,credit_card,2025-04-17,2025-05-17,active
sub_7254ae15,user_00227,Premium,annual,1199000,debit_card,2025-04-25,2026-04-25,expired
sub_c962e408,user_00228,Premium,annual,1199000,e_wallet,2026-02-08,2027-02-08,cancelled
sub_06be1130,user_00230,Standard,annual,799000,debit_card,2025-12-26,2026-12-26,active
sub_07c42197,user_00231,Standard,monthly,79000,debit_card,2025-11-02,2025-12-02,active
sub_4a12c515,user_00232,Premium,annual,1199000,e_wallet,2025-08-22,2026-08-22,active
sub_3ed8861f,user_00235,Basic,monthly,49000,bank_transfer,2025-07-05,2025-08-04,active
sub_30551134,user_00237,Premium,annual,1199000,credit_card,2025-11-09,2026-11-09,cancelled
sub_08933b97,user_00238,Standard,annual,799000,debit_card,2025-05-03,2026-05-03,active
sub_5c2ca448,user_00239,Standard,monthly,79000,debit_card,2025-09-24,2025-10-24,expired
sub_8b23a1df,user_00240,Premium,annual,1199000,credit_card,2025-06-13,2026-06-13,active
sub_e2f0bb1d,user_00242,Premium,monthly,119000,bank_transfer,2025-08-20,2025-09-19,expired
sub_3b4815dc,user_00244,Basic,monthly,49000,bank_transfer,2025-11-22,2025-12-22,active
sub_dafcbf43,user_00245,Basic,monthly,49000,e_wallet,2025-09-10,2025-10-10,active
sub_2b59b91a,user_00246,Basic,monthly,49000,debit_card,2025-06-17,2025-07-17,expired
sub_7c4d623e,user_00247,Basic,monthly,49000,bank_transfer,2026-01-01,2026-01-31,expired
sub_b3895df9,user_00249,Standard,monthly,79000,credit_card,2025-05-10,2025-06-09,active
sub_a9c5318f,user_00251,Standard,annual,799000,credit_card,2026-03-07,2027-03-07,active
sub_4e9781e3,user_00252,Basic,annual,499000,bank_transfer,2026-01-26,2027-01-26,expired
sub_86a03a97,user_00253,Basic,monthly,49000,bank_transfer,2025-08-06,2025-09-05,cancelled
sub_140734bb,user_00254,Standard,annual,799000,bank_transfer,2025-08-09,2026-08-09,active
sub_751a7b69,user_00255,Standard,annual,799000,e_wallet,2025-12-27,2026-12-27,active
sub_046d0c7a,user_00257,Standard,annual,799000,bank_transfer,2026-04-01,2027-04-01,active
sub_f9999ca3,user_00258,Premium,monthly,119000,bank_transfer,2025-11-10,2025-12-10,active
sub_9c496bf3,user_00259,Basic,monthly,49000,e_wallet,2025-12-16,2026-01-15,cancelled
sub_fbc3e495,user_00260,Standard,monthly,79000,bank_transfer,2025-05-03,2025-06-02,active
sub_6d6bcd5f,user_00262,Standard,monthly,79000,e_wallet,2025-12-22,2026-01-21,active
sub_2c2030c8,user_00263,Standard,monthly,79000,debit_card,2025-10-03,2025-11-02,expired
sub_17054945,user_00264,Standard,monthly,79000,credit_card,2025-11-14,2025-12-14,active
sub_9f0e736e,user_00265,Premium,annual,1199000,credit_card,2025-10-16,2026-10-16,active
sub_ffdda144,user_00266,Basic,monthly,49000,bank_transfer,2026-03-18,2026-04-17,active
sub_0efb1ed0,user_00267,Basic,monthly,49000,e_wallet,2025-07-29,2025-08-28,active
sub_09b79364,user_00269,Premium,monthly,119000,bank_transfer,2026-03-25,2026-04-24,active
sub_c6067563,user_00270,Standard,monthly,79000,bank_transfer,2025-11-27,2025-12-27,active
sub_cc5d89e0,user_00271,Premium,annual,1199000,bank_transfer,2025-09-02,2026-09-02,expired
sub_8a8e264b,user_00272,Standard,monthly,79000,e_wallet,2026-04-04,2026-05-04,active
sub_390939cd,user_00274,Standard,monthly,79000,bank_transfer,2025-10-26,2025-11-25,cancelled
sub_c745d0e6,user_00275,Standard,annual,799000,debit_card,2025-08-06,2026-08-06,active
sub_f93b7a97,user_00277,Premium,annual,1199000,bank_transfer,2025-06-08,2026-06-08,active
sub_49404aa8,user_00278,Premium,monthly,119000,bank_transfer,2025-05-05,2025-06-04,cancelled
sub_36ca5220,user_00279,Premium,monthly,119000,credit_card,2025-06-15,2025-07-15,active
sub_26ffdbfc,user_00280,Standard,annual,799000,bank_transfer,2025-10-14,2026-10-14,active
sub_34467194,user_00281,Standard,annual,799000,bank_transfer,2025-12-29,2026-12-29,active
sub_3ddbed4e,user_00282,Basic,monthly,49000,credit_card,2025-06-10,2025-07-10,active
sub_2018f713,user_00283,Basic,monthly,49000,bank_transfer,2026-03-29,2026-04-28,cancelled
sub_7df1b0ac,user_00284,Standard,annual,799000,credit_card,2025-09-12,2026-09-12,active
sub_9437586d,user_00285,Basic,monthly,49000,bank_transfer,2026-03-19,2026-04-18,active
sub_1f9c5f9f,user_00286,Basic,annual,499000,bank_transfer,2026-03-10,2027-03-10,active
sub_a5b2e0ad,user_00287,Premium,monthly,119000,e_wallet,2026-01-25,2026-02-24,active
sub_1f780cec,user_00288,Standard,monthly,79000,bank_transfer,2025-06-20,2025-07-20,cancelled
sub_7ca155e8,user_00289,Standard,annual,799000,debit_card,2025-04-19,2026-04-19,expired
sub_3d621949,user_00290,Basic,annual,499000,e_wallet,2025-10-20,2026-10-20,active
sub_292d5628,user_00291,Premium,annual,1199000,debit_card,2025-11-22,2026-11-22,active
sub_78e6d4fc,user_00294,Basic,annual,499000,e_wallet,2025-12-31,2026-12-31,expired
sub_77f509ea,user_00295,Standard,annual,799000,debit_card,2025-05-10,2026-05-10,active
sub_bebc0810,user_00297,Basic,annual,499000,debit_card,2025-06-04,2026-06-04,active
sub_ea4baeac,user_00299,Premium,annual,1199000,debit_card,2025-10-08,2026-10-08,expired
sub_a6e0afbf,user_00300,Basic,annual,499000,bank_transfer,2025-05-07,2026-05-07,active
sub_97ebfa7b,user_00301,Premium,annual,1199000,bank_transfer,2026-03-31,2027-03-31,active
sub_3c3fdad6,user_00302,Basic,monthly,49000,bank_transfer,2025-10-19,2025-11-18,active
sub_53176939,user_00303,Premium,annual,1199000,e_wallet,2026-02-24,2027-02-24,active
sub_5d0b4048,user_00304,Standard,monthly,79000,debit_card,2025-10-30,2025-11-29,active
sub_77d94b20,user_00305,Premium,monthly,119000,credit_card,2025-05-04,2025-06-03,cancelled
sub_97cb1f18,user_00306,Standard,monthly,79000,bank_transfer,2025-09-21,2025-10-21,expired
sub_b9efa412,user_00307,Standard,annual,799000,bank_transfer,2025-04-28,2026-04-28,cancelled
sub_26c4dea1,user_00309,Basic,annual,499000,bank_transfer,2025-05-11,2026-05-11,expired
sub_406db301,user_00310,Basic,monthly,49000,debit_card,2025-09-02,2025-10-02,active
sub_4add7af3,user_00311,Basic,annual,499000,debit_card,2025-07-11,2026-07-11,active
sub_f74176c1,user_00313,Premium,monthly,119000,bank_transfer,2025-12-09,2026-01-08,expired
sub_74386ab2,user_00314,Standard,monthly,79000,bank_transfer,2025-07-16,2025-08-15,active
sub_e4ce4d46,user_00315,Premium,monthly,119000,bank_transfer,2025-06-18,2025-07-18,expired
sub_1a9c9671,user_00316,Basic,monthly,49000,credit_card,2025-06-09,2025-07-09,expired
sub_21cce580,user_00317,Basic,annual,499000,bank_transfer,2026-01-17,2027-01-17,expired
sub_c13a674a,user_00318,Premium,monthly,119000,credit_card,2025-09-29,2025-10-29,active
sub_00343282,user_00319,Premium,monthly,119000,credit_card,2025-09-04,2025-10-04,active
sub_ae01d2db,user_00322,Basic,annual,499000,credit_card,2026-03-29,2027-03-29,active
sub_c3eedd06,user_00323,Standard,annual,799000,debit_card,2026-02-20,2027-02-20,active
sub_97507609,user_00324,Standard,annual,799000,bank_transfer,2025-05-08,2026-05-08,active
sub_f9ea0ddb,user_00325,Premium,monthly,119000,e_wallet,2025-07-27,2025-08-26,active
sub_8a0bd96b,user_00326,Standard,monthly,79000,bank_transfer,2026-03-14,2026-04-13,cancelled
sub_d91a2448,user_00327,Premium,monthly,119000,credit_card,2025-05-10,2025-06-09,expired
sub_6fa7a9f7,user_00328,Premium,annual,1199000,e_wallet,2026-04-06,2027-04-06,expired
sub_146a1dc5,user_00329,Basic,monthly,49000,bank_transfer,2025-07-17,2025-08-16,active
sub_93a13aca,user_00330,Basic,monthly,49000,e_wallet,2026-01-08,2026-02-07,active
sub_62e48539,user_00331,Basic,annual,499000,debit_card,2025-12-19,2026-12-19,active
sub_3bd48d5f,user_00332,Basic,annual,499000,e_wallet,2025-12-31,2026-12-31,active
sub_807926b8,user_00333,Premium,annual,1199000,debit_card,2025-04-27,2026-04-27,expired
sub_36970b86,user_00334,Standard,monthly,79000,credit_card,2026-01-15,2026-02-14,expired
sub_59a08e6e,user_00335,Standard,monthly,79000,credit_card,2026-01-31,2026-03-02,active
sub_14bd80bf,user_00336,Basic,monthly,49000,debit_card,2025-04-24,2025-05-24,active
sub_873d99ae,user_00337,Standard,annual,799000,credit_card,2025-12-12,2026-12-12,active
sub_23b1d706,user_00338,Standard,annual,799000,bank_transfer,2025-06-21,2026-06-21,active
sub_a993eaf7,user_00339,Premium,annual,1199000,bank_transfer,2025-05-13,2026-05-13,active
sub_1e6e856c,user_00340,Basic,annual,499000,debit_card,2026-04-07,2027-04-07,active
sub_6205b83c,user_00342,Basic,monthly,49000,credit_card,2026-03-29,2026-04-28,expired
sub_e8d9aa06,user_00343,Premium,annual,1199000,credit_card,2025-07-02,2026-07-02,active
sub_5da4637c,user_00345,Standard,annual,799000,bank_transfer,2025-07-17,2026-07-17,active
sub_27a498e8,user_00347,Standard,monthly,79000,debit_card,2025-11-16,2025-12-16,active
sub_6d709d39,user_00348,Standard,monthly,79000,debit_card,2025-10-16,2025-11-15,expired
sub_b4662f9a,user_00349,Premium,annual,1199000,e_wallet,2025-12-22,2026-12-22,active
sub_7c8a1966,user_00353,Standard,monthly,79000,credit_card,2025-07-28,2025-08-27,expired
sub_0cf65f71,user_00354,Standard,monthly,79000,debit_card,2026-01-02,2026-02-01,expired
sub_dba76816,user_00355,Basic,annual,499000,credit_card,2025-12-30,2026-12-30,active
sub_ce635355,user_00358,Premium,annual,1199000,e_wallet,2026-04-01,2027-04-01,active
sub_6a7e67ce,user_00359,Standard,annual,799000,credit_card,2025-12-22,2026-12-22,active
sub_1f02fef5,user_00360,Basic,annual,499000,credit_card,2026-02-15,2027-02-15,active
sub_92d0a5ae,user_00361,Premium,annual,1199000,e_wallet,2025-10-14,2026-10-14,expired
sub_0b3f491a,user_00362,Premium,annual,1199000,debit_card,2025-09-14,2026-09-14,expired
sub_f43aae40,user_00364,Premium,monthly,119000,e_wallet,2025-12-11,2026-01-10,active
sub_c9438818,user_00365,Basic,annual,499000,debit_card,2025-09-04,2026-09-04,expired
sub_a91d80ae,user_00366,Premium,monthly,119000,debit_card,2025-08-31,2025-09-30,expired
sub_717c3dfb,user_00367,Premium,monthly,119000,debit_card,2025-09-20,2025-10-20,cancelled
sub_e4d74f19,user_00368,Premium,monthly,119000,bank_transfer,2026-02-03,2026-03-05,active
sub_2680a24f,user_00369,Basic,annual,499000,credit_card,2026-02-06,2027-02-06,active
sub_3128a8e7,user_00370,Premium,annual,1199000,credit_card,2026-04-05,2027-04-05,active
sub_1e795df4,user_00371,Premium,annual,1199000,e_wallet,2026-03-03,2027-03-03,expired
sub_a8317f6c,user_00372,Basic,monthly,49000,credit_card,2026-01-08,2026-02-07,active
sub_dfd60495,user_00373,Standard,annual,799000,credit_card,2025-06-23,2026-06-23,expired
sub_8734235c,user_00374,Standard,annual,799000,e_wallet,2025-09-11,2026-09-11,active
sub_c0e15387,user_00375,Premium,annual,1199000,bank_transfer,2025-11-24,2026-11-24,cancelled
sub_fa046bde,user_00377,Basic,annual,499000,credit_card,2025-08-30,2026-08-30,active
sub_68065c75,user_00378,Premium,monthly,119000,debit_card,2026-01-21,2026-02-20,cancelled
sub_ed9a4386,user_00379,Standard,monthly,79000,e_wallet,2025-11-12,2025-12-12,active
sub_19485cf8,user_00380,Standard,monthly,79000,credit_card,2025-12-26,2026-01-25,active
sub_67d4518b,user_00382,Standard,monthly,79000,debit_card,2026-02-07,2026-03-09,active
sub_b6aafdf0,user_00385,Basic,monthly,49000,debit_card,2026-03-25,2026-04-24,cancelled
sub_8797f3b9,user_00386,Basic,monthly,49000,e_wallet,2026-01-19,2026-02-18,active
sub_aa6e3ba7,user_00387,Premium,annual,1199000,credit_card,2026-01-06,2027-01-06,active
sub_6f39e9c7,user_00390,Premium,monthly,119000,debit_card,2025-04-29,2025-05-29,active
sub_fc53a8a2,user_00391,Basic,annual,499000,bank_transfer,2025-05-20,2026-05-20,active
sub_8333d547,user_00392,Standard,monthly,79000,credit_card,2025-08-25,2025-09-24,active
sub_d1900e5a,user_00393,Premium,monthly,119000,credit_card,2025-04-23,2025-05-23,active
sub_f7d527ff,user_00394,Basic,annual,499000,bank_transfer,2025-06-13,2026-06-13,active
sub_b3d1ede1,user_00396,Premium,annual,1199000,credit_card,2025-09-03,2026-09-03,expired
sub_a6d399f8,user_00398,Standard,monthly,79000,credit_card,2025-11-28,2025-12-28,active
sub_a9229d64,user_00400,Basic,annual,499000,e_wallet,2025-11-10,2026-11-10,active
sub_6e4d4ae0,user_00402,Basic,monthly,49000,credit_card,2025-10-16,2025-11-15,active
sub_29466fc7,user_00403,Basic,annual,499000,bank_transfer,2026-02-05,2027-02-05,cancelled
sub_54d5424b,user_00404,Standard,annual,799000,debit_card,2026-04-06,2027-04-06,active
sub_c919a04e,user_00406,Basic,annual,499000,bank_transfer,2025-12-17,2026-12-17,cancelled
sub_e0e639b6,user_00407,Basic,monthly,49000,e_wallet,2026-02-02,2026-03-04,active
sub_a8399989,user_00411,Standard,monthly,79000,bank_transfer,2025-09-28,2025-10-28,active
sub_7a3e674e,user_00412,Premium,annual,1199000,credit_card,2025-12-16,2026-12-16,cancelled
sub_1dd992c6,user_00414,Basic,monthly,49000,e_wallet,2026-01-29,2026-02-28,cancelled
sub_79331d50,user_00416,Premium,monthly,119000,bank_transfer,2025-10-10,2025-11-09,expired
sub_913dce23,user_00420,Standard,annual,799000,credit_card,2025-11-06,2026-11-06,active
sub_87c76920,user_00422,Premium,annual,1199000,credit_card,2026-02-20,2027-02-20,active
sub_6bb1989e,user_00424,Standard,annual,799000,e_wallet,2026-01-21,2027-01-21,cancelled
sub_d80a131d,user_00425,Standard,annual,799000,debit_card,2025-04-15,2026-04-15,expired
sub_43f7f591,user_00427,Basic,annual,499000,credit_card,2025-07-24,2026-07-24,cancelled
sub_bc50819c,user_00428,Basic,annual,499000,debit_card,2025-07-13,2026-07-13,cancelled
sub_b5f96f7e,user_00430,Premium,monthly,119000,e_wallet,2025-09-15,2025-10-15,expired
sub_45fb4332,user_00431,Premium,monthly,119000,debit_card,2025-05-11,2025-06-10,active
sub_ed375655,user_00432,Standard,annual,799000,debit_card,2026-03-09,2027-03-09,active
sub_fecfef4f,user_00434,Premium,monthly,119000,credit_card,2025-11-18,2025-12-18,active
sub_ea825fcf,user_00436,Standard,annual,799000,e_wallet,2025-07-04,2026-07-04,cancelled
sub_81a4ba25,user_00437,Standard,annual,799000,credit_card,2025-10-07,2026-10-07,active
sub_aea4f65c,user_00438,Premium,annual,1199000,e_wallet,2025-07-11,2026-07-11,cancelled
sub_51def43b,user_00439,Standard,monthly,79000,debit_card,2026-02-03,2026-03-05,cancelled
sub_f4bb9f4b,user_00441,Premium,annual,1199000,credit_card,2025-12-12,2026-12-12,active
sub_d4a79146,user_00442,Standard,monthly,79000,e_wallet,2026-01-19,2026-02-18,expired
sub_4408bc12,user_00443,Standard,annual,799000,e_wallet,2026-04-09,2027-04-09,active
sub_b30071a7,user_00446,Basic,monthly,49000,bank_transfer,2025-06-23,2025-07-23,active
sub_f0675bc9,user_00449,Basic,monthly,49000,bank_transfer,2025-07-05,2025-08-04,active
sub_b31ff0e2,user_00453,Premium,annual,1199000,bank_transfer,2025-12-30,2026-12-30,expired
sub_8a3510c7,user_00455,Basic,annual,499000,debit_card,2026-01-30,2027-01-30,active
sub_e31164a3,user_00456,Premium,annual,1199000,bank_transfer,2026-01-09,2027-01-09,cancelled
sub_eb619137,user_00458,Premium,annual,1199000,e_wallet,2025-09-15,2026-09-15,active
sub_cc768159,user_00459,Premium,annual,1199000,bank_transfer,2026-02-07,2027-02-07,expired
sub_3497cd9e,user_00461,Basic,monthly,49000,e_wallet,2025-05-11,2025-06-10,active
sub_4259b5a5,user_00462,Standard,monthly,79000,bank_transfer,2026-02-05,2026-03-07,active
sub_7f231321,user_00465,Premium,annual,1199000,bank_transfer,2025-06-13,2026-06-13,expired
sub_3e41f5f1,user_00466,Basic,annual,499000,credit_card,2025-10-15,2026-10-15,active
sub_161598dc,user_00467,Premium,annual,1199000,e_wallet,2025-10-02,2026-10-02,active
sub_efff1716,user_00468,Premium,monthly,119000,e_wallet,2025-12-19,2026-01-18,active
sub_407a196d,user_00469,Standard,annual,799000,e_wallet,2025-11-16,2026-11-16,active
sub_3da41c6f,user_00470,Standard,monthly,79000,bank_transfer,2025-04-22,2025-05-22,active
sub_f467af1d,user_00471,Premium,monthly,119000,credit_card,2025-04-28,2025-05-28,active
sub_a16029e8,user_00472,Basic,monthly,49000,debit_card,2025-05-23,2025-06-22,active
sub_1012f2b1,user_00473,Premium,monthly,119000,credit_card,2025-08-27,2025-09-26,expired
sub_70e4bf91,user_00474,Standard,monthly,79000,credit_card,2025-09-06,2025-10-06,cancelled
sub_2ccb3c23,user_00475,Basic,monthly,49000,debit_card,2026-01-04,2026-02-03,active
sub_319cfb47,user_00476,Premium,annual,1199000,bank_transfer,2025-06-29,2026-06-29,active
sub_54ee1faf,user_00477,Premium,monthly,119000,credit_card,2025-07-10,2025-08-09,active
sub_bbdb9dd7,user_00478,Basic,monthly,49000,e_wallet,2025-07-19,2025-08-18,active
sub_22f9dc66,user_00479,Basic,annual,499000,bank_transfer,2025-04-27,2026-04-27,cancelled
sub_b4ef8490,user_00481,Standard,annual,799000,e_wallet,2026-03-07,2027-03-07,expired
sub_0d8cc584,user_00482,Basic,monthly,49000,e_wallet,2026-01-14,2026-02-13,cancelled
sub_3420aaf2,user_00483,Premium,annual,1199000,credit_card,2025-09-08,2026-09-08,expired
sub_7446989a,user_00484,Standard,monthly,79000,debit_card,2025-07-03,2025-08-02,active
sub_e8112f75,user_00485,Basic,monthly,49000,bank_transfer,2025-04-14,2025-05-14,active
sub_ee185ade,user_00486,Standard,annual,799000,debit_card,2025-04-26,2026-04-26,active
sub_644863c6,user_00487,Standard,annual,799000,bank_transfer,2025-08-29,2026-08-29,active
sub_e196c034,user_00488,Basic,monthly,49000,debit_card,2025-05-11,2025-06-10,active
sub_67d72e5f,user_00489,Premium,annual,1199000,e_wallet,2025-09-05,2026-09-05,expired
sub_f49e8b5d,user_00491,Premium,annual,1199000,e_wallet,2025-06-18,2026-06-18,active
sub_043b85c0,user_00492,Premium,annual,1199000,debit_card,2025-08-26,2026-08-26,active
sub_2403efa7,user_00493,Standard,annual,799000,e_wallet,2025-06-16,2026-06-16,expired
sub_08769ea4,user_00494,Standard,monthly,79000,credit_card,2025-07-20,2025-08-19,active
sub_48acb22f,user_00497,Standard,annual,799000,debit_card,2025-11-20,2026-11-20,expired
sub_b0d04135,user_00498,Premium,monthly,119000,bank_transfer,2026-04-04,2026-05-04,cancelled
sub_f4661180,user_00499,Standard,monthly,79000,debit_card,2025-08-12,2025-09-11,active
sub_3724279f,user_00502,Basic,annual,499000,e_wallet,2025-08-29,2026-08-29,active
sub_f4d2e076,user_00503,Premium,annual,1199000,bank_transfer,2025-12-26,2026-12-26,active
sub_ecb5ca66,user_00505,Standard,annual,799000,credit_card,2025-12-15,2026-12-15,active
sub_50b1226c,user_00506,Premium,annual,1199000,debit_card,2025-09-21,2026-09-21,active
sub_bb88b335,user_00507,Premium,annual,1199000,bank_transfer,2026-02-04,2027-02-04,active
sub_bc90f420,user_00509,Premium,monthly,119000,debit_card,2025-04-14,2025-05-14,active
sub_c6a6f263,user_00510,Premium,annual,1199000,e_wallet,2025-04-15,2026-04-15,active
sub_756f61b6,user_00511,Premium,monthly,119000,e_wallet,2026-02-27,2026-03-29,active
sub_b7788335,user_00512,Standard,monthly,79000,e_wallet,2025-10-20,2025-11-19,active
sub_b59081ed,user_00513,Premium,monthly,119000,debit_card,2025-12-12,2026-01-11,expired
sub_c45304ef,user_00514,Premium,monthly,119000,e_wallet,2025-05-10,2025-06-09,expired
sub_035636a3,user_00515,Basic,annual,499000,debit_card,2026-03-03,2027-03-03,expired
sub_baf856bb,user_00516,Basic,monthly,49000,e_wallet,2025-12-04,2026-01-03,cancelled
sub_73d95dfa,user_00518,Premium,annual,1199000,credit_card,2025-12-06,2026-12-06,active
sub_7caffd1e,user_00519,Premium,monthly,119000,debit_card,2025-10-19,2025-11-18,active
sub_14da6742,user_00520,Basic,annual,499000,debit_card,2026-03-26,2027-03-26,active
sub_cfd6844e,user_00522,Standard,monthly,79000,debit_card,2025-12-06,2026-01-05,expired
sub_8b7fc945,user_00523,Basic,monthly,49000,e_wallet,2025-06-14,2025-07-14,active
sub_2a1ea19f,user_00524,Premium,monthly,119000,debit_card,2025-11-20,2025-12-20,active
sub_79f4839f,user_00525,Standard,monthly,79000,debit_card,2025-10-15,2025-11-14,expired
sub_a2789b71,user_00526,Standard,monthly,79000,bank_transfer,2026-03-13,2026-04-12,active
sub_43c4203f,user_00528,Basic,annual,499000,bank_transfer,2025-05-17,2026-05-17,expired
sub_fa5ee5a2,user_00529,Basic,monthly,49000,e_wallet,2025-06-10,2025-07-10,expired
sub_8865c558,user_00530,Premium,annual,1199000,e_wallet,2026-01-30,2027-01-30,active
sub_ca7db96c,user_00531,Basic,monthly,49000,bank_transfer,2025-05-19,2025-06-18,active
sub_b7208643,user_00532,Standard,monthly,79000,e_wallet,2026-01-15,2026-02-14,active
sub_a6b8aac2,user_00533,Premium,annual,1199000,credit_card,2025-08-21,2026-08-21,cancelled
sub_705b08a9,user_00535,Standard,annual,799000,debit_card,2025-04-25,2026-04-25,expired
sub_535174dd,user_00537,Standard,monthly,79000,bank_transfer,2026-03-14,2026-04-13,active
sub_c2495524,user_00538,Premium,monthly,119000,e_wallet,2025-11-04,2025-12-04,cancelled
sub_be496d59,user_00539,Premium,annual,1199000,credit_card,2025-05-30,2026-05-30,active
sub_e49eb305,user_00540,Premium,monthly,119000,bank_transfer,2026-02-11,2026-03-13,active
sub_0a9116ca,user_00542,Premium,monthly,119000,e_wallet,2026-04-05,2026-05-05,active
sub_6ef573a0,user_00543,Basic,monthly,49000,e_wallet,2026-01-03,2026-02-02,cancelled
sub_66efc32e,user_00544,Basic,annual,499000,debit_card,2026-02-13,2027-02-13,active
sub_0b43e584,user_00545,Standard,annual,799000,credit_card,2025-08-15,2026-08-15,cancelled
sub_43fa3b5f,user_00546,Basic,annual,499000,debit_card,2025-10-19,2026-10-19,cancelled
sub_5dcad716,user_00547,Premium,annual,1199000,credit_card,2025-10-07,2026-10-07,active
sub_6b0b07a5,user_00548,Basic,annual,499000,bank_transfer,2025-11-25,2026-11-25,cancelled
sub_02ad97de,user_00551,Basic,annual,499000,e_wallet,2025-05-17,2026-05-17,active
sub_21b5e7ca,user_00552,Standard,annual,799000,bank_transfer,2025-06-23,2026-06-23,active
sub_b59e495f,user_00554,Basic,annual,499000,debit_card,2025-07-22,2026-07-22,active
sub_d433f744,user_00555,Premium,annual,1199000,bank_transfer,2025-11-06,2026-11-06,active
sub_e26cae38,user_00556,Premium,monthly,119000,bank_transfer,2026-03-05,2026-04-04,expired
sub_ef09ae81,user_00557,Basic,monthly,49000,debit_card,2025-04-16,2025-05-16,active
sub_cbd3e667,user_00558,Basic,annual,499000,e_wallet,2026-01-06,2027-01-06,cancelled
sub_7a5be1e0,user_00560,Standard,monthly,79000,debit_card,2026-02-12,2026-03-14,active
sub_c5bd9c38,user_00561,Standard,monthly,79000,bank_transfer,2026-03-18,2026-04-17,active
sub_5b903e9d,user_00562,Premium,annual,1199000,e_wallet,2025-11-06,2026-11-06,active
sub_aa50d95b,user_00564,Premium,monthly,119000,credit_card,2025-11-22,2025-12-22,expired
sub_fb8f654d,user_00565,Premium,annual,1199000,credit_card,2026-04-04,2027-04-04,active
sub_effa3559,user_00570,Basic,monthly,49000,debit_card,2025-08-13,2025-09-12,active
sub_e8b5a650,user_00571,Premium,monthly,119000,bank_transfer,2026-03-08,2026-04-07,cancelled
sub_3b91cf1a,user_00573,Standard,annual,799000,credit_card,2026-01-21,2027-01-21,active
sub_6f212876,user_00574,Standard,annual,799000,bank_transfer,2026-03-18,2027-03-18,expired
sub_c16122fe,user_00575,Premium,annual,1199000,e_wallet,2026-04-10,2027-04-10,active
sub_926a6871,user_00576,Standard,monthly,79000,e_wallet,2025-08-10,2025-09-09,active
sub_9884a654,user_00577,Basic,monthly,49000,e_wallet,2026-04-07,2026-05-07,active
sub_ae940828,user_00578,Basic,monthly,49000,bank_transfer,2026-04-02,2026-05-02,active
sub_7d09a7c2,user_00579,Standard,annual,799000,debit_card,2025-07-02,2026-07-02,active
sub_47d989a9,user_00580,Premium,annual,1199000,bank_transfer,2025-11-21,2026-11-21,active
sub_51b6eeda,user_00582,Basic,annual,499000,credit_card,2025-08-30,2026-08-30,active
sub_d52cbafc,user_00583,Premium,annual,1199000,e_wallet,2026-03-06,2027-03-06,active
sub_e4e95d45,user_00584,Standard,monthly,79000,e_wallet,2025-07-11,2025-08-10,active
sub_6f666a3b,user_00585,Standard,monthly,79000,e_wallet,2025-10-20,2025-11-19,active
sub_e9efa457,user_00586,Standard,monthly,79000,bank_transfer,2025-12-29,2026-01-28,active
sub_932e6421,user_00587,Standard,monthly,79000,bank_transfer,2026-02-21,2026-03-23,active
sub_633a75dd,user_00588,Standard,monthly,79000,e_wallet,2025-12-28,2026-01-27,active
sub_8a4b9e8d,user_00589,Premium,monthly,119000,credit_card,2026-04-08,2026-05-08,active
sub_182c1d4d,user_00590,Standard,monthly,79000,credit_card,2025-11-03,2025-12-03,cancelled
sub_a2b5b29b,user_00591,Premium,annual,1199000,credit_card,2025-08-20,2026-08-20,expired
sub_45c2e824,user_00592,Standard,monthly,79000,e_wallet,2026-04-11,2026-05-11,expired
sub_d290069e,user_00594,Standard,annual,799000,bank_transfer,2026-02-15,2027-02-15,cancelled
sub_96f47642,user_00595,Premium,annual,1199000,credit_card,2025-08-10,2026-08-10,cancelled
sub_b98752d8,user_00597,Standard,monthly,79000,debit_card,2025-07-03,2025-08-02,active
sub_0874aa15,user_00599,Standard,monthly,79000,credit_card,2025-06-10,2025-07-10,active
sub_fbd5c653,user_00601,Standard,monthly,79000,credit_card,2026-02-13,2026-03-15,active
sub_95c84ee2,user_00602,Basic,monthly,49000,credit_card,2025-04-27,2025-05-27,active
sub_c76936ee,user_00603,Standard,annual,799000,credit_card,2025-06-24,2026-06-24,cancelled
sub_e8ff3976,user_00604,Standard,annual,799000,bank_transfer,2025-05-30,2026-05-30,active
sub_bef7de11,user_00605,Standard,monthly,79000,bank_transfer,2025-12-03,2026-01-02,cancelled
sub_82a51283,user_00607,Basic,monthly,49000,bank_transfer,2025-05-24,2025-06-23,active
sub_6cbd8733,user_00608,Basic,annual,499000,credit_card,2025-12-21,2026-12-21,cancelled
sub_3186fce4,user_00609,Basic,monthly,49000,debit_card,2025-04-29,2025-05-29,expired
sub_52feea5d,user_00610,Basic,monthly,49000,debit_card,2025-12-12,2026-01-11,active
sub_e2e3ecfe,user_00611,Premium,annual,1199000,e_wallet,2025-10-29,2026-10-29,expired
sub_d47c415e,user_00613,Standard,monthly,79000,bank_transfer,2025-04-24,2025-05-24,active
sub_4d81bb79,user_00614,Premium,monthly,119000,e_wallet,2026-03-30,2026-04-29,expired
sub_4471d210,user_00615,Basic,annual,499000,debit_card,2026-03-21,2027-03-21,active
sub_e375bd0e,user_00616,Standard,annual,799000,e_wallet,2025-08-31,2026-08-31,active
sub_81589601,user_00618,Standard,annual,799000,bank_transfer,2025-07-08,2026-07-08,cancelled
sub_e7ffa4c4,user_00619,Basic,annual,499000,credit_card,2026-01-06,2027-01-06,cancelled
sub_e85a6608,user_00620,Premium,annual,1199000,debit_card,2025-06-09,2026-06-09,active
sub_6d1ba052,user_00621,Basic,monthly,49000,credit_card,2025-09-25,2025-10-25,expired
sub_f61519a7,user_00623,Standard,monthly,79000,debit_card,2025-06-01,2025-07-01,active
sub_92872e89,user_00624,Premium,annual,1199000,e_wallet,2025-09-01,2026-09-01,active
sub_f0ebc4fc,user_00625,Standard,monthly,79000,bank_transfer,2025-08-18,2025-09-17,cancelled
sub_e8a614b2,user_00626,Standard,monthly,79000,bank_transfer,2026-03-11,2026-04-10,active
sub_1f1afac2,user_00627,Basic,annual,499000,e_wallet,2026-04-09,2027-04-09,active
sub_96a6db4f,user_00629,Standard,monthly,79000,e_wallet,2025-05-17,2025-06-16,active
sub_041f818d,user_00630,Premium,monthly,119000,credit_card,2026-02-27,2026-03-29,active
sub_244dbaac,user_00632,Basic,monthly,49000,credit_card,2025-10-15,2025-11-14,cancelled
sub_a4d9c1c1,user_00633,Standard,monthly,79000,credit_card,2025-10-11,2025-11-10,expired
sub_06b6a86a,user_00634,Basic,monthly,49000,e_wallet,2025-05-05,2025-06-04,active
sub_c8538f7d,user_00636,Basic,annual,499000,e_wallet,2026-01-09,2027-01-09,active
sub_4d76b036,user_00637,Standard,annual,799000,credit_card,2025-11-23,2026-11-23,cancelled
sub_f0ff993c,user_00638,Premium,monthly,119000,bank_transfer,2025-07-21,2025-08-20,active
sub_6736f10f,user_00639,Basic,annual,499000,bank_transfer,2026-03-30,2027-03-30,active
sub_d650d6de,user_00640,Basic,monthly,49000,debit_card,2025-10-12,2025-11-11,active
sub_00a0a586,user_00641,Standard,monthly,79000,bank_transfer,2025-06-12,2025-07-12,active
sub_c8575f18,user_00642,Basic,monthly,49000,e_wallet,2026-01-27,2026-02-26,active
sub_ff1e991f,user_00643,Basic,annual,499000,debit_card,2025-04-27,2026-04-27,active
sub_e4e59eb0,user_00644,Standard,annual,799000,debit_card,2025-10-28,2026-10-28,active
sub_ab1f7445,user_00646,Basic,monthly,49000,e_wallet,2025-04-30,2025-05-30,expired
sub_c76738e1,user_00647,Standard,monthly,79000,credit_card,2025-06-03,2025-07-03,cancelled
sub_91c3ed18,user_00648,Basic,annual,499000,credit_card,2025-04-17,2026-04-17,expired
sub_1a176d2e,user_00650,Premium,annual,1199000,debit_card,2026-01-08,2027-01-08,active
sub_5a42b28a,user_00651,Premium,annual,1199000,e_wallet,2025-08-02,2026-08-02,expired
sub_ef666edf,user_00652,Premium,monthly,119000,e_wallet,2025-05-16,2025-06-15,active
sub_6671e27f,user_00653,Standard,annual,799000,credit_card,2026-01-23,2027-01-23,cancelled
sub_811dafa8,user_00654,Basic,annual,499000,e_wallet,2026-01-31,2027-01-31,active
sub_e8444410,user_00656,Basic,monthly,49000,debit_card,2026-02-20,2026-03-22,cancelled
sub_f6294c24,user_00657,Standard,annual,799000,debit_card,2025-07-12,2026-07-12,active
sub_64464ff5,user_00658,Premium,annual,1199000,debit_card,2026-02-22,2027-02-22,expired
sub_fead3453,user_00659,Standard,monthly,79000,bank_transfer,2025-12-20,2026-01-19,active
sub_101aee22,user_00660,Premium,monthly,119000,credit_card,2025-12-31,2026-01-30,active
sub_9ad8830c,user_00662,Premium,annual,1199000,bank_transfer,2026-04-02,2027-04-02,active
sub_38c971b1,user_00665,Basic,annual,499000,e_wallet,2026-03-01,2027-03-01,expired
sub_c629ca99,user_00666,Basic,monthly,49000,debit_card,2025-11-22,2025-12-22,expired
sub_008ae536,user_00668,Basic,monthly,49000,debit_card,2025-10-22,2025-11-21,active
sub_dda9b71c,user_00669,Standard,annual,799000,e_wallet,2025-08-29,2026-08-29,active
sub_8d49fb9e,user_00670,Premium,monthly,119000,bank_transfer,2025-11-28,2025-12-28,active
sub_566e719a,user_00672,Standard,annual,799000,credit_card,2025-07-09,2026-07-09,active
sub_f01fc36e,user_00673,Premium,monthly,119000,debit_card,2025-05-09,2025-06-08,active
sub_25e98bc1,user_00675,Premium,annual,1199000,credit_card,2025-11-28,2026-11-28,expired
sub_49755774,user_00676,Standard,monthly,79000,e_wallet,2025-12-23,2026-01-22,expired
sub_1867f7be,user_00677,Standard,annual,799000,e_wallet,2025-09-17,2026-09-17,active
sub_a61bef00,user_00678,Basic,monthly,49000,bank_transfer,2026-01-21,2026-02-20,cancelled
sub_02813ed2,user_00679,Basic,annual,499000,credit_card,2025-12-08,2026-12-08,active
sub_382eb4b4,user_00681,Standard,annual,799000,debit_card,2025-08-14,2026-08-14,active
sub_e74929e5,user_00682,Standard,monthly,79000,credit_card,2026-02-23,2026-03-25,active
sub_a1a7bd71,user_00684,Premium,monthly,119000,bank_transfer,2025-08-09,2025-09-08,cancelled
sub_e66d27d3,user_00686,Standard,annual,799000,e_wallet,2025-07-10,2026-07-10,expired
sub_98ce2c1a,user_00687,Basic,monthly,49000,credit_card,2025-07-15,2025-08-14,active
sub_6cc37574,user_00688,Basic,annual,499000,credit_card,2025-10-13,2026-10-13,active
sub_eb35b0fd,user_00689,Basic,monthly,49000,e_wallet,2025-11-16,2025-12-16,active
sub_c1cdb7ac,user_00691,Standard,monthly,79000,credit_card,2026-01-18,2026-02-17,active
sub_b969fc34,user_00693,Standard,annual,799000,bank_transfer,2025-07-26,2026-07-26,active
sub_f0566c38,user_00695,Standard,annual,799000,debit_card,2026-02-16,2027-02-16,cancelled
sub_f5fe4f02,user_00696,Standard,monthly,79000,debit_card,2026-01-23,2026-02-22,cancelled
sub_58794eca,user_00697,Premium,monthly,119000,debit_card,2025-08-25,2025-09-24,expired
sub_59a6aaba,user_00698,Standard,monthly,79000,e_wallet,2025-11-10,2025-12-10,active
sub_422e44c8,user_00699,Premium,annual,1199000,debit_card,2026-01-01,2027-01-01,expired
sub_40255b27,user_00700,Basic,annual,499000,credit_card,2026-02-23,2027-02-23,active
sub_d606a6b3,user_00701,Basic,annual,499000,e_wallet,2025-05-08,2026-05-08,active
sub_5bf6fc41,user_00702,Premium,annual,1199000,credit_card,2025-05-29,2026-05-29,cancelled
sub_6ca9f243,user_00703,Premium,monthly,119000,debit_card,2025-08-01,2025-08-31,active
sub_f9f64925,user_00704,Basic,annual,499000,e_wallet,2025-07-29,2026-07-29,cancelled
sub_16c7af8e,user_00705,Standard,monthly,79000,credit_card,2026-02-06,2026-03-08,expired
sub_1797a472,user_00706,Premium,monthly,119000,e_wallet,2025-09-20,2025-10-20,active
sub_6b97b9b1,user_00707,Basic,monthly,49000,debit_card,2026-01-15,2026-02-14,cancelled
sub_fd19fddf,user_00708,Standard,monthly,79000,credit_card,2025-09-25,2025-10-25,cancelled
sub_74ca7dbd,user_00710,Standard,monthly,79000,e_wallet,2026-01-16,2026-02-15,expired
sub_91e7e9f5,user_00711,Premium,monthly,119000,credit_card,2025-06-10,2025-07-10,expired
sub_7381235b,user_00712,Standard,annual,799000,bank_transfer,2025-06-09,2026-06-09,cancelled
sub_d12b2355,user_00713,Standard,annual,799000,e_wallet,2026-04-03,2027-04-03,expired
sub_1777cfd1,user_00714,Premium,annual,1199000,bank_transfer,2025-05-21,2026-05-21,expired
sub_6220b0ef,user_00716,Standard,monthly,79000,bank_transfer,2026-01-10,2026-02-09,active
sub_de0dfc41,user_00718,Premium,monthly,119000,credit_card,2025-08-25,2025-09-24,expired
sub_27d89538,user_00719,Standard,annual,799000,credit_card,2025-08-18,2026-08-18,expired
sub_a432a2ed,user_00720,Premium,monthly,119000,debit_card,2026-01-02,2026-02-01,expired
sub_25d66fe4,user_00722,Premium,monthly,119000,bank_transfer,2026-04-05,2026-05-05,expired
sub_2e439f76,user_00726,Basic,annual,499000,bank_transfer,2026-04-04,2027-04-04,active
sub_de2f6320,user_00727,Standard,monthly,79000,bank_transfer,2025-09-04,2025-10-04,active
sub_d785f698,user_00728,Basic,annual,499000,bank_transfer,2025-06-02,2026-06-02,active
sub_df13db4b,user_00729,Standard,annual,799000,debit_card,2025-08-15,2026-08-15,active
sub_f8c3f866,user_00730,Basic,monthly,49000,credit_card,2026-02-24,2026-03-26,active
sub_4470a919,user_00731,Premium,annual,1199000,debit_card,2026-02-01,2027-02-01,cancelled
sub_8ab7251a,user_00732,Basic,monthly,49000,bank_transfer,2026-04-09,2026-05-09,active
sub_0547fd82,user_00733,Standard,monthly,79000,e_wallet,2025-04-28,2025-05-28,active
sub_f6c71bf0,user_00734,Standard,annual,799000,credit_card,2025-09-23,2026-09-23,active
sub_d188e94f,user_00735,Premium,annual,1199000,credit_card,2025-12-24,2026-12-24,active
sub_77a84d14,user_00737,Basic,monthly,49000,e_wallet,2026-03-29,2026-04-28,expired
sub_47c61835,user_00738,Standard,annual,799000,bank_transfer,2025-07-21,2026-07-21,active
sub_4b3dfe9d,user_00742,Premium,monthly,119000,e_wallet,2026-03-22,2026-04-21,expired
sub_370c5284,user_00743,Premium,monthly,119000,bank_transfer,2025-05-23,2025-06-22,active
sub_46fef9dd,user_00745,Premium,monthly,119000,credit_card,2025-06-29,2025-07-29,active
sub_ff9857cc,user_00746,Premium,annual,1199000,e_wallet,2025-11-22,2026-11-22,active
sub_06140fe7,user_00747,Standard,annual,799000,credit_card,2025-09-15,2026-09-15,active
sub_48f13c0f,user_00749,Basic,annual,499000,debit_card,2025-08-03,2026-08-03,active
sub_58bca05f,user_00751,Standard,annual,799000,credit_card,2025-08-27,2026-08-27,active
sub_b929ab2a,user_00752,Standard,monthly,79000,debit_card,2026-01-06,2026-02-05,active
sub_7245d73a,user_00753,Standard,monthly,79000,credit_card,2026-01-28,2026-02-27,active
sub_eba9e3a7,user_00754,Standard,annual,799000,debit_card,2026-01-31,2027-01-31,active
sub_c67a15d8,user_00756,Basic,monthly,49000,e_wallet,2025-10-23,2025-11-22,expired
sub_4b86606f,user_00759,Premium,monthly,119000,debit_card,2025-12-06,2026-01-05,active
sub_bbab4ac0,user_00760,Basic,annual,499000,bank_transfer,2025-11-01,2026-11-01,cancelled
sub_2547067a,user_00762,Premium,monthly,119000,debit_card,2025-10-02,2025-11-01,active
sub_63aabe2b,user_00763,Basic,monthly,49000,debit_card,2025-07-06,2025-08-05,active
sub_b72b2736,user_00766,Standard,monthly,79000,bank_transfer,2026-01-15,2026-02-14,active
sub_4ab1b491,user_00767,Basic,annual,499000,credit_card,2025-05-04,2026-05-04,active
sub_b7f441f5,user_00768,Premium,annual,1199000,credit_card,2025-12-10,2026-12-10,active
sub_13744c80,user_00770,Premium,annual,1199000,debit_card,2025-06-06,2026-06-06,active
sub_e11be4c4,user_00773,Basic,annual,499000,e_wallet,2025-05-19,2026-05-19,active
sub_89ae08b0,user_00774,Standard,annual,799000,credit_card,2025-08-13,2026-08-13,active
sub_72836d2b,user_00775,Standard,annual,799000,e_wallet,2025-10-02,2026-10-02,active
sub_8ccc99e4,user_00776,Premium,annual,1199000,e_wallet,2025-10-26,2026-10-26,active
sub_3f1e0ac1,user_00777,Standard,annual,799000,debit_card,2026-02-16,2027-02-16,active
sub_726de739,user_00778,Basic,monthly,49000,e_wallet,2025-08-08,2025-09-07,active
sub_8e6a58fb,user_00779,Basic,annual,499000,credit_card,2025-05-09,2026-05-09,active
sub_79e462e4,user_00780,Standard,monthly,79000,e_wallet,2025-10-30,2025-11-29,active
sub_aacf0f2d,user_00781,Basic,monthly,49000,bank_transfer,2025-10-31,2025-11-30,active
sub_c786a656,user_00783,Basic,annual,499000,debit_card,2025-06-06,2026-06-06,active
sub_5cb3eed4,user_00784,Basic,monthly,49000,bank_transfer,2025-09-07,2025-10-07,active
sub_3b38208e,user_00785,Basic,monthly,49000,bank_transfer,2026-03-15,2026-04-14,expired
sub_a065e92d,user_00786,Premium,annual,1199000,e_wallet,2025-06-04,2026-06-04,expired
sub_2c6a805d,user_00787,Standard,monthly,79000,credit_card,2025-09-13,2025-10-13,active
sub_4608a122,user_00788,Basic,monthly,49000,debit_card,2026-03-28,2026-04-27,cancelled
sub_672afed6,user_00789,Basic,monthly,49000,e_wallet,2025-10-06,2025-11-05,active
sub_b60846bf,user_00790,Premium,annual,1199000,bank_transfer,2025-11-02,2026-11-02,active
sub_1567fc92,user_00792,Premium,annual,1199000,debit_card,2025-10-07,2026-10-07,active
sub_0af29aa0,user_00793,Premium,monthly,119000,e_wallet,2025-11-21,2025-12-21,active
sub_d2af100a,user_00794,Standard,annual,799000,credit_card,2025-08-26,2026-08-26,active
sub_cd3b72bd,user_00796,Premium,annual,1199000,e_wallet,2025-08-23,2026-08-23,active
sub_c5ff622d,user_00799,Basic,monthly,49000,e_wallet,2025-10-05,2025-11-04,active
sub_5f5c5049,user_00800,Basic,annual,499000,bank_transfer,2025-10-10,2026-10-10,cancelled
sub_5265c172,user_00801,Standard,monthly,79000,e_wallet,2026-02-04,2026-03-06,active
sub_687b8c69,user_00802,Standard,monthly,79000,bank_transfer,2025-11-13,2025-12-13,active
sub_a93f9d09,user_00803,Premium,monthly,119000,debit_card,2026-04-13,2026-05-13,expired
sub_723658fd,user_00805,Basic,annual,499000,debit_card,2025-09-14,2026-09-14,active
sub_14ba536f,user_00806,Standard,monthly,79000,e_wallet,2025-10-31,2025-11-30,active
sub_a480ea8c,user_00807,Standard,monthly,79000,debit_card,2025-12-09,2026-01-08,active
sub_0514a482,user_00808,Standard,monthly,79000,e_wallet,2026-02-04,2026-03-06,active
sub_6d8dc7ba,user_00812,Standard,monthly,79000,e_wallet,2026-02-21,2026-03-23,active
sub_dc786583,user_00813,Premium,monthly,119000,e_wallet,2025-12-22,2026-01-21,active
sub_33883070,user_00814,Basic,monthly,49000,credit_card,2025-08-09,2025-09-08,active
sub_d56766ad,user_00816,Standard,annual,799000,bank_transfer,2025-09-05,2026-09-05,active
sub_59cd0cc3,user_00817,Standard,monthly,79000,debit_card,2025-10-26,2025-11-25,active
sub_d2604fe9,user_00819,Basic,annual,499000,credit_card,2025-05-14,2026-05-14,active
sub_39848f23,user_00820,Basic,monthly,49000,credit_card,2025-12-08,2026-01-07,active
sub_7315b4b1,user_00822,Standard,annual,799000,credit_card,2025-10-13,2026-10-13,expired
sub_fde7376f,user_00825,Premium,monthly,119000,credit_card,2025-05-01,2025-05-31,active
sub_7056955f,user_00826,Standard,monthly,79000,credit_card,2025-10-11,2025-11-10,expired
sub_6d5abd2e,user_00827,Premium,annual,1199000,bank_transfer,2025-09-14,2026-09-14,expired
sub_0d0821ae,user_00828,Premium,monthly,119000,bank_transfer,2025-10-12,2025-11-11,active
sub_a54527c8,user_00829,Basic,annual,499000,debit_card,2026-03-31,2027-03-31,expired
sub_f132c615,user_00830,Standard,annual,799000,credit_card,2025-07-30,2026-07-30,active
sub_0c548946,user_00832,Standard,monthly,79000,debit_card,2025-07-19,2025-08-18,active
sub_7d5c83e5,user_00833,Standard,annual,799000,debit_card,2025-09-22,2026-09-22,active
sub_2d330f05,user_00834,Standard,annual,799000,credit_card,2025-10-14,2026-10-14,active
sub_b1c1cef7,user_00837,Premium,annual,1199000,e_wallet,2025-10-05,2026-10-05,active
sub_2aa8ed42,user_00838,Standard,annual,799000,debit_card,2026-01-23,2027-01-23,active
sub_6512176f,user_00839,Basic,monthly,49000,credit_card,2026-01-20,2026-02-19,active
sub_6ca03982,user_00840,Premium,monthly,119000,credit_card,2025-06-29,2025-07-29,cancelled
sub_d2ffb229,user_00841,Premium,annual,1199000,bank_transfer,2025-04-21,2026-04-21,active
sub_4aa0f6c7,user_00842,Premium,monthly,119000,bank_transfer,2025-08-19,2025-09-18,active
sub_34d1c8e0,user_00843,Standard,monthly,79000,bank_transfer,2025-06-15,2025-07-15,active
sub_73d7eca1,user_00845,Premium,annual,1199000,e_wallet,2025-05-24,2026-05-24,active
sub_8e4e49d0,user_00846,Standard,annual,799000,bank_transfer,2026-02-10,2027-02-10,active
sub_7ecb1cea,user_00847,Standard,annual,799000,bank_transfer,2025-11-20,2026-11-20,cancelled
sub_e98f02fa,user_00848,Premium,annual,1199000,e_wallet,2026-02-17,2027-02-17,active
sub_14462824,user_00849,Basic,annual,499000,e_wallet,2025-08-26,2026-08-26,active
sub_5d83c4f8,user_00850,Premium,annual,1199000,e_wallet,2025-06-10,2026-06-10,active
sub_b9640fc5,user_00852,Premium,annual,1199000,credit_card,2025-12-24,2026-12-24,active
sub_2a5251ad,user_00853,Standard,monthly,79000,credit_card,2026-02-24,2026-03-26,cancelled
sub_18d5a2f6,user_00855,Standard,annual,799000,e_wallet,2025-07-30,2026-07-30,active
sub_6e051f13,user_00856,Premium,annual,1199000,e_wallet,2025-08-27,2026-08-27,cancelled
sub_932a49ad,user_00857,Basic,annual,499000,debit_card,2025-09-26,2026-09-26,active
sub_e880d25a,user_00858,Basic,annual,499000,credit_card,2025-04-21,2026-04-21,expired
sub_a8f5c9f2,user_00859,Basic,annual,499000,credit_card,2026-01-02,2027-01-02,active
sub_599325dd,user_00860,Basic,annual,499000,bank_transfer,2025-10-05,2026-10-05,active
sub_f3e17b19,user_00861,Basic,annual,499000,credit_card,2025-11-30,2026-11-30,active
sub_49d9349d,user_00862,Standard,annual,799000,e_wallet,2025-11-21,2026-11-21,expired
sub_103c7f75,user_00863,Premium,monthly,119000,debit_card,2025-06-23,2025-07-23,active
sub_f615b0a3,user_00864,Standard,monthly,79000,bank_transfer,2025-11-01,2025-12-01,active
sub_b345c6ac,user_00867,Standard,annual,799000,bank_transfer,2026-01-09,2027-01-09,active
sub_b6472234,user_00868,Standard,monthly,79000,bank_transfer,2025-12-20,2026-01-19,active
sub_54e3c2ca,user_00869,Basic,monthly,49000,credit_card,2025-06-11,2025-07-11,active
sub_828aa846,user_00871,Standard,monthly,79000,debit_card,2025-04-29,2025-05-29,active
sub_cf263a3a,user_00872,Basic,monthly,49000,debit_card,2026-01-29,2026-02-28,active
sub_cd6ee649,user_00873,Basic,annual,499000,credit_card,2025-10-16,2026-10-16,active
sub_e164fc8a,user_00874,Basic,monthly,49000,e_wallet,2025-04-21,2025-05-21,active
sub_151eb32b,user_00875,Basic,annual,499000,e_wallet,2026-01-11,2027-01-11,active
sub_ef10f3cc,user_00877,Premium,monthly,119000,e_wallet,2025-07-28,2025-08-27,active
sub_bdd2f569,user_00878,Premium,monthly,119000,debit_card,2026-01-16,2026-02-15,active
sub_0e8ea305,user_00879,Standard,annual,799000,bank_transfer,2026-03-31,2027-03-31,active
sub_731830d0,user_00880,Standard,monthly,79000,bank_transfer,2026-02-12,2026-03-14,expired
sub_eb8ee162,user_00881,Basic,monthly,49000,e_wallet,2025-07-14,2025-08-13,active
sub_52b3a8df,user_00883,Basic,monthly,49000,bank_transfer,2026-01-29,2026-02-28,active
sub_d14f9cd9,user_00884,Basic,annual,499000,e_wallet,2025-07-21,2026-07-21,expired
sub_4468dd76,user_00885,Basic,monthly,49000,bank_transfer,2026-01-06,2026-02-05,active
sub_c8c8dc6e,user_00886,Premium,annual,1199000,debit_card,2025-06-14,2026-06-14,active
sub_93f7bef7,user_00887,Basic,annual,499000,debit_card,2025-07-27,2026-07-27,active
sub_c7bd246a,user_00889,Basic,annual,499000,e_wallet,2026-02-09,2027-02-09,active
sub_fd2c87af,user_00890,Premium,annual,1199000,credit_card,2025-08-07,2026-08-07,expired
sub_2f69b88a,user_00892,Premium,annual,1199000,bank_transfer,2025-06-10,2026-06-10,active
sub_32304eb1,user_00893,Basic,annual,499000,debit_card,2025-05-12,2026-05-12,active
sub_f26f2321,user_00894,Premium,monthly,119000,debit_card,2025-05-31,2025-06-30,cancelled
sub_dbeb3e00,user_00895,Premium,annual,1199000,credit_card,2026-03-23,2027-03-23,active
sub_19a57f6e,user_00896,Standard,monthly,79000,credit_card,2026-02-18,2026-03-20,cancelled
sub_d3a3e9e4,user_00897,Standard,annual,799000,credit_card,2025-11-11,2026-11-11,active
sub_5ef64c9c,user_00899,Standard,annual,799000,bank_transfer,2025-12-17,2026-12-17,active
sub_9bfd0827,user_00901,Standard,monthly,79000,e_wallet,2026-02-03,2026-03-05,active
sub_49a07920,user_00903,Premium,annual,1199000,credit_card,2026-02-07,2027-02-07,active
sub_b62e884d,user_00905,Basic,monthly,49000,bank_transfer,2026-03-16,2026-04-15,active
sub_26cc17ef,user_00906,Basic,annual,499000,debit_card,2026-02-09,2027-02-09,active
sub_1abb84ae,user_00907,Basic,annual,499000,credit_card,2026-03-18,2027-03-18,expired
sub_1e86c4f2,user_00909,Basic,annual,499000,bank_transfer,2026-02-15,2027-02-15,active
sub_a0e14ee7,user_00910,Standard,annual,799000,bank_transfer,2025-08-06,2026-08-06,cancelled
sub_f7feb2e8,user_00911,Premium,annual,1199000,credit_card,2025-04-27,2026-04-27,active
sub_6c751faf,user_00912,Basic,monthly,49000,bank_transfer,2025-11-28,2025-12-28,active
sub_5b31d53a,user_00913,Basic,annual,499000,e_wallet,2025-11-28,2026-11-28,expired
sub_0007d802,user_00914,Basic,annual,499000,e_wallet,2026-03-15,2027-03-15,cancelled
sub_4aacee8d,user_00916,Basic,annual,499000,e_wallet,2025-10-14,2026-10-14,active
sub_b174ba72,user_00917,Basic,annual,499000,e_wallet,2025-11-03,2026-11-03,active
sub_e7bf588b,user_00920,Premium,annual,1199000,e_wallet,2026-01-13,2027-01-13,active
sub_6fa91e74,user_00921,Premium,annual,1199000,bank_transfer,2025-08-29,2026-08-29,cancelled
sub_aa46dfd4,user_00922,Standard,monthly,79000,credit_card,2025-10-20,2025-11-19,active
sub_79be9657,user_00923,Basic,annual,499000,e_wallet,2026-02-25,2027-02-25,expired
sub_72acaf6b,user_00924,Premium,monthly,119000,debit_card,2026-02-27,2026-03-29,active
sub_e4fbe7dd,user_00925,Premium,annual,1199000,credit_card,2025-07-04,2026-07-04,active
sub_a71a6aee,user_00926,Standard,annual,799000,credit_card,2025-09-25,2026-09-25,active
sub_5263a40e,user_00928,Standard,annual,799000,e_wallet,2025-09-12,2026-09-12,expired
sub_6268be53,user_00929,Basic,annual,499000,bank_transfer,2026-03-12,2027-03-12,active
sub_f0d38096,user_00930,Standard,annual,799000,bank_transfer,2025-07-29,2026-07-29,cancelled
sub_d4efd637,user_00931,Basic,monthly,49000,bank_transfer,2025-04-21,2025-05-21,active
sub_b5024068,user_00933,Premium,monthly,119000,e_wallet,2026-01-10,2026-02-09,active
sub_ff4d0dcf,user_00935,Standard,monthly,79000,bank_transfer,2026-04-08,2026-05-08,cancelled
sub_9a5b0c8c,user_00936,Premium,annual,1199000,debit_card,2025-10-17,2026-10-17,active
sub_77fdefd3,user_00937,Premium,monthly,119000,bank_transfer,2026-01-10,2026-02-09,active
sub_7d1e95d6,user_00938,Premium,monthly,119000,e_wallet,2025-07-14,2025-08-13,cancelled
sub_7fc2d843,user_00939,Basic,annual,499000,credit_card,2025-07-28,2026-07-28,active
sub_8396bbdd,user_00940,Standard,monthly,79000,e_wallet,2026-04-08,2026-05-08,expired
sub_20fca71f,user_00941,Standard,annual,799000,bank_transfer,2025-12-02,2026-12-02,active
sub_916b835c,user_00942,Standard,monthly,79000,e_wallet,2025-05-25,2025-06-24,expired
sub_83ec5e99,user_00943,Standard,annual,799000,credit_card,2026-01-16,2027-01-16,active
sub_4a28543a,user_00945,Standard,annual,799000,debit_card,2025-08-15,2026-08-15,active
sub_2af8b3f0,user_00946,Premium,monthly,119000,debit_card,2025-04-15,2025-05-15,active
sub_d336efc3,user_00947,Basic,monthly,49000,credit_card,2025-09-10,2025-10-10,active
sub_73653f92,user_00949,Premium,monthly,119000,bank_transfer,2025-07-04,2025-08-03,active
sub_d049dcf4,user_00950,Basic,monthly,49000,bank_transfer,2025-11-19,2025-12-19,cancelled
sub_8392fbc3,user_00951,Premium,monthly,119000,debit_card,2026-01-04,2026-02-03,active
sub_af4a0019,user_00952,Basic,annual,499000,debit_card,2025-12-12,2026-12-12,active
sub_ed4bc69b,user_00953,Standard,annual,799000,e_wallet,2025-06-12,2026-06-12,active
sub_b8b70d76,user_00954,Basic,monthly,49000,e_wallet,2025-09-25,2025-10-25,active
sub_21d6a913,user_00955,Basic,annual,499000,credit_card,2025-09-24,2026-09-24,expired
sub_566662f9,user_00956,Standard,monthly,79000,e_wallet,2025-10-28,2025-11-27,active
sub_68edd9f0,user_00957,Basic,monthly,49000,debit_card,2025-06-06,2025-07-06,active
sub_7b1896d7,user_00958,Premium,monthly,119000,e_wallet,2025-08-15,2025-09-14,active
sub_faa6f5bf,user_00959,Standard,monthly,79000,credit_card,2025-11-16,2025-12-16,active
sub_4cebea23,user_00960,Premium,monthly,119000,e_wallet,2025-07-03,2025-08-02,active
sub_8f9ce519,user_00962,Standard,annual,799000,debit_card,2026-01-01,2027-01-01,active
sub_74c06abf,user_00963,Basic,annual,499000,bank_transfer,2026-02-25,2027-02-25,active
sub_5b5f56b0,user_00964,Premium,annual,1199000,e_wallet,2026-01-05,2027-01-05,active
sub_199c241c,user_00965,Premium,annual,1199000,e_wallet,2026-04-02,2027-04-02,active
sub_c2da11d7,user_00966,Standard,annual,799000,bank_transfer,2025-08-19,2026-08-19,cancelled
sub_11ca61ed,user_00967,Premium,annual,1199000,bank_transfer,2026-01-25,2027-01-25,active
sub_c85984df,user_00969,Premium,monthly,119000,bank_transfer,2025-08-22,2025-09-21,expired
sub_0ffffbef,user_00970,Premium,monthly,119000,e_wallet,2026-04-13,2026-05-13,cancelled
sub_b8f6f6aa,user_00971,Standard,annual,799000,bank_transfer,2025-12-03,2026-12-03,active
sub_88f6f4bc,user_00972,Premium,annual,1199000,credit_card,2025-08-14,2026-08-14,active
sub_2ab6af98,user_00975,Premium,monthly,119000,e_wallet,2025-08-26,2025-09-25,expired
sub_0e72b54e,user_00976,Standard,monthly,79000,e_wallet,2025-10-09,2025-11-08,active
sub_27622b0b,user_00977,Standard,monthly,79000,bank_transfer,2025-11-15,2025-12-15,cancelled
sub_56795311,user_00978,Standard,monthly,79000,credit_card,2026-02-16,2026-03-18,expired
sub_37c7cb9a,user_00980,Basic,monthly,49000,debit_card,2025-04-27,2025-05-27,expired
sub_3448dc06,user_00981,Standard,annual,799000,e_wallet,2025-05-26,2026-05-26,active
sub_d00d4c91,user_00982,Premium,annual,1199000,debit_card,2026-03-02,2027-03-02,expired
sub_901a1629,user_00983,Basic,monthly,49000,debit_card,2026-02-15,2026-03-17,cancelled
sub_2a21e9e0,user_00984,Premium,annual,1199000,e_wallet,2025-09-09,2026-09-09,active
sub_df4414ac,user_00985,Standard,monthly,79000,credit_card,2025-08-14,2025-09-13,cancelled
sub_ad6026ea,user_00986,Standard,annual,799000,debit_card,2025-09-01,2026-09-01,cancelled
sub_d856de88,user_00987,Standard,monthly,79000,credit_card,2025-08-17,2025-09-16,active
sub_a40b86d4,user_00991,Standard,annual,799000,credit_card,2025-04-25,2026-04-25,expired
sub_55c2b29a,user_00992,Basic,monthly,49000,debit_card,2025-08-17,2025-09-16,active
sub_f8baa13e,user_00994,Basic,monthly,49000,debit_card,2025-10-01,2025-10-31,active
sub_0b48f799,user_00997,Standard,annual,799000,e_wallet,2026-03-12,2027-03-12,cancelled
sub_c5484ff0,user_00999,Premium,monthly,119000,bank_transfer,2025-12-06,2026-01-05,active
sub_fd35041e,user_01000,Basic,annual,499000,credit_card,2025-10-19,2026-10-19,active
